id,first_name,last_name,email,gender,ip_address
1,Thoma,Filippov,tfilippov0@xrea.com,Male,41.136.19.52
2,Hartwell,Raitt,hraitt1@sphinn.com,Male,243.105.187.137
3,Perren,Manjin,pmanjin2@blog.com,Male,196.9.243.214
4,Doy,Fache,dfache3@topsy.com,Male,174.237.247.192
5,Kane,Marples,kmarples4@amazon.de,Male,190.208.215.191
6,Norene,Daviot,ndaviot5@lycos.com,Female,46.159.64.129
7,Cari,Whettleton,cwhettleton6@tumblr.com,Female,38.111.59.201
8,Brenna,Leon,bleon7@miitbeian.gov.cn,Female,117.139.231.149
9,Chalmers,Wedgbrow,cwedgbrow8@youku.com,Male,77.171.213.56
10,Alanson,MacCorley,amaccorley9@businessinsider.com,Male,156.22.190.67
11,Ellswerth,Thay,ethaya@sbwire.com,Male,122.28.190.58
12,Harwell,Edlin,hedlinb@cnn.com,Male,223.183.146.237
13,Jarib,Marton,jmartonc@example.com,Male,173.110.30.16
14,Salomo,Ruffles,srufflesd@umich.edu,Male,78.224.154.74
15,Yasmin,Braunstein,ybraunsteine@spotify.com,Female,220.37.230.126
16,Miguelita,Elgie,melgief@google.com,Female,52.182.87.215
17,Shaughn,Ormond,sormondg@nbcnews.com,Male,79.85.83.97
18,Nady,Barajas,nbarajash@feedburner.com,Female,34.158.183.189
19,Casper,January 1st,cjanuarysti@stumbleupon.com,Male,98.195.13.241
20,Jobyna,Moar,jmoarj@nhs.uk,Female,49.127.119.95
21,Sorcha,Baldrick,sbaldrickk@redcross.org,Female,73.43.220.189
22,Franchot,Blackleech,fblackleechl@sbwire.com,Male,95.236.164.25
23,Fanchon,Sherlock,fsherlockm@mail.ru,Female,17.77.133.43
24,Ciel,Rosnau,crosnaun@ihg.com,Female,194.210.220.103
25,Jory,O'Kennavain,jokennavaino@chron.com,Male,199.116.209.28
26,Guglielma,Sleith,gsleithp@pagesperso-orange.fr,Female,46.168.170.9
27,Archy,Lukianov,alukianovq@admin.ch,Male,37.222.43.170
28,Lion,Edinborough,ledinboroughr@free.fr,Male,125.223.110.178
29,Joe,Rizziello,jrizziellos@eepurl.com,Male,235.236.136.121
30,Silas,Finnimore,sfinnimoret@angelfire.com,Male,252.83.29.216
31,Derby,Yakobovicz,dyakoboviczu@nymag.com,Male,54.227.108.4
32,Farra,Forsbey,fforsbeyv@wikispaces.com,Female,67.173.72.8
33,Jarret,Mirralls,jmirrallsw@xing.com,Male,7.177.211.71
34,Fulvia,Lapre,flaprex@msu.edu,Female,167.23.56.183
35,Alva,Stanmer,astanmery@mac.com,Male,215.216.207.141
36,Cyrus,Kitchinham,ckitchinhamz@elpais.com,Male,217.250.127.141
37,Bard,Master,bmaster10@bloglovin.com,Male,154.136.116.193
38,Igor,Pedycan,ipedycan11@fc2.com,Male,152.191.154.227
39,Sella,Catlin,scatlin12@tuttocitta.it,Female,222.244.76.165
40,Agosto,Ends,aends13@gmpg.org,Male,14.237.35.29
41,Kyle,Laskey,klaskey14@eepurl.com,Female,190.114.123.82
42,Maryellen,Mulliss,mmulliss15@mozilla.org,Female,185.44.225.114
43,Llywellyn,Cromblehome,lcromblehome16@weather.com,Male,1.138.248.177
44,Federico,Burnitt,fburnitt17@dyndns.org,Male,245.49.183.92
45,Carmen,Firebrace,cfirebrace18@theglobeandmail.com,Female,40.227.134.44
46,Sarah,Duddan,sduddan19@noaa.gov,Female,237.64.219.141
47,Janifer,Wagstaff,jwagstaff1a@seattletimes.com,Female,83.45.232.157
48,Wyndham,Brenneke,wbrenneke1b@mit.edu,Male,46.228.24.96
49,Stefa,Bentinck,sbentinck1c@boston.com,Female,101.30.10.106
50,Adrianna,Maxwale,amaxwale1d@wordpress.com,Female,191.79.250.10
51,Gayle,Springford,gspringford1e@abc.net.au,Female,155.154.171.214
52,Lillis,Blunsom,lblunsom1f@creativecommons.org,Female,100.142.188.75
53,Myrlene,Meecher,mmeecher1g@is.gd,Female,63.254.16.20
54,Letti,Klisch,lklisch1h@sakura.ne.jp,Female,75.238.170.237
55,Page,Torrans,ptorrans1i@joomla.org,Male,74.125.26.147
56,Maxy,Grubey,mgrubey1j@macromedia.com,Female,168.52.45.201
57,Arda,Domb,adomb1k@google.nl,Female,63.101.58.194
58,Frayda,Fowley,ffowley1l@mapquest.com,Female,18.55.68.17
59,Susie,Heddan,sheddan1m@dailymail.co.uk,Female,210.56.53.128
60,Belvia,Veltman,bveltman1n@freewebs.com,Female,87.225.43.37
61,Simmonds,Feehery,sfeehery1o@behance.net,Male,117.115.46.224
62,Doti,Morter,dmorter1p@omniture.com,Female,119.189.11.143
63,Sib,Skates,sskates1q@mozilla.org,Female,63.37.30.72
64,Nicol,Claffey,nclaffey1r@tinyurl.com,Male,25.235.180.17
65,Dawna,Achromov,dachromov1s@odnoklassniki.ru,Female,16.137.226.167
66,Julio,Crosetto,jcrosetto1t@usnews.com,Male,1.180.136.222
67,Annadiane,Dericot,adericot1u@ning.com,Female,243.45.125.180
68,Meyer,MacWhirter,mmacwhirter1v@bloglovin.com,Male,172.79.76.226
69,Jeannette,Doniso,jdoniso1w@360.cn,Female,49.153.42.40
70,Ame,Huton,ahuton1x@archive.org,Female,49.49.157.239
71,Prent,Tomaino,ptomaino1y@spotify.com,Male,29.60.176.42
72,Stanleigh,Klamp,sklamp1z@psu.edu,Male,27.40.139.42
73,Halsey,Blowfelde,hblowfelde20@mozilla.org,Male,97.49.170.196
74,Hieronymus,Scamerden,hscamerden21@slideshare.net,Male,141.11.176.18
75,Jemima,Fluck,jfluck22@etsy.com,Female,97.111.202.55
76,Grayce,Grossman,ggrossman23@creativecommons.org,Female,81.209.97.90
77,Grover,Land,gland24@senate.gov,Male,214.66.255.88
78,Obadiah,Kopelman,okopelman25@lulu.com,Male,196.76.209.0
79,Mariette,Kinneally,mkinneally26@blogs.com,Female,80.155.231.190
80,Bev,Hugland,bhugland27@networksolutions.com,Female,15.155.116.166
81,Putnam,Knifton,pknifton28@shop-pro.jp,Male,135.166.98.150
82,Pippy,Matusiak,pmatusiak29@nih.gov,Female,192.163.88.92
83,Phillis,D'Orsay,pdorsay2a@marketwatch.com,Female,120.63.108.216
84,Eddi,Pull,epull2b@nyu.edu,Female,240.100.73.39
85,Ambrosius,Nisco,anisco2c@engadget.com,Male,75.131.191.4
86,Eva,Weafer,eweafer2d@omniture.com,Female,119.210.10.164
87,Zollie,Klee,zklee2e@go.com,Male,130.168.215.247
88,Quentin,Whawell,qwhawell2f@tuttocitta.it,Male,171.162.147.76
89,Cecilius,Belton,cbelton2g@com.com,Male,4.240.90.18
90,Judye,Szanto,jszanto2h@ehow.com,Female,25.37.191.28
91,Corri,McKniely,cmckniely2i@nytimes.com,Female,77.86.112.136
92,Ibbie,Hunn,ihunn2j@1688.com,Female,153.58.248.136
93,Taryn,McIleen,tmcileen2k@reference.com,Female,241.219.204.185
94,Emmaline,Devenport,edevenport2l@irs.gov,Female,73.166.222.233
95,Josefa,Kliesl,jkliesl2m@diigo.com,Female,12.169.139.219
96,Sula,Davison,sdavison2n@hhs.gov,Female,104.0.5.235
97,Elmira,Kubec,ekubec2o@surveymonkey.com,Female,239.30.163.36
98,Salvatore,Grossier,sgrossier2p@nih.gov,Male,20.32.148.194
99,Erroll,Bernaldo,ebernaldo2q@paypal.com,Male,115.171.212.198
100,Janaye,Matherson,jmatherson2r@ted.com,Female,132.80.253.154
101,Vinny,Carnson,vcarnson2s@wunderground.com,Male,69.8.77.53
102,Mariam,Thompsett,mthompsett2t@yelp.com,Female,78.123.187.26
103,Temple,Vivien,tvivien2u@myspace.com,Male,130.135.148.26
104,Gannon,Sahnow,gsahnow2v@bravesites.com,Male,240.99.25.17
105,Pace,Vasyutkin,pvasyutkin2w@opensource.org,Male,110.93.192.183
106,Rozalie,Paten,rpaten2x@squarespace.com,Female,143.235.14.102
107,Mariellen,Synder,msynder2y@opensource.org,Female,243.96.101.63
108,Livvyy,Creedland,lcreedland2z@google.de,Female,148.255.102.41
109,Terry,Kender,tkender30@sun.com,Male,243.106.106.96
110,Katrine,Pleat,kpleat31@archive.org,Female,190.35.232.106
111,Becca,Bragge,bbragge32@mediafire.com,Female,130.11.226.241
112,Gilda,Snook,gsnook33@apache.org,Female,134.11.117.2
113,Lila,Gisby,lgisby34@digg.com,Female,145.146.80.238
114,Terri,Hardi,thardi35@home.pl,Female,106.74.41.58
115,Karita,Donoghue,kdonoghue36@techcrunch.com,Female,74.250.73.94
116,Moss,Tethacot,mtethacot37@eepurl.com,Male,196.206.73.32
117,Jessa,Ordish,jordish38@state.gov,Female,65.147.218.158
118,Karin,Corten,kcorten39@slate.com,Female,16.151.8.92
119,Weidar,Breadmore,wbreadmore3a@wunderground.com,Male,39.128.67.94
120,Merwyn,Bosward,mbosward3b@weibo.com,Male,132.52.184.161
121,Owen,Blewmen,oblewmen3c@printfriendly.com,Male,168.197.83.107
122,Esra,Tollerfield,etollerfield3d@w3.org,Male,0.244.194.10
123,Eustacia,Sustins,esustins3e@hatena.ne.jp,Female,214.56.150.127
124,Farly,Haggerwood,fhaggerwood3f@bigcartel.com,Male,117.156.154.81
125,Wynn,Slader,wslader3g@gnu.org,Male,220.93.190.94
126,Odo,Worley,oworley3h@joomla.org,Male,176.183.29.29
127,Harris,Van de Velde,hvandevelde3i@earthlink.net,Male,60.29.7.193
128,Meris,Cox,mcox3j@elpais.com,Female,74.192.243.74
129,Benoite,Gething,bgething3k@cocolog-nifty.com,Female,77.194.253.219
130,Walsh,Hellin,whellin3l@odnoklassniki.ru,Male,219.43.146.82
131,Claude,Ancliff,cancliff3m@prweb.com,Female,170.48.139.121
132,Mel,Blakeborough,mblakeborough3n@eepurl.com,Female,77.200.22.179
133,Abram,Fibbens,afibbens3o@independent.co.uk,Male,170.138.103.235
134,Udall,Lintill,ulintill3p@nationalgeographic.com,Male,84.205.228.113
135,Erin,Caswill,ecaswill3q@google.pl,Female,135.20.38.63
136,Dun,Jan,djan3r@mlb.com,Male,244.238.142.35
137,Jilli,DelaField,jdelafield3s@livejournal.com,Female,28.234.92.2
138,Rosemary,Liversage,rliversage3t@cnbc.com,Female,229.110.178.237
139,Alvin,O'Growgane,aogrowgane3u@shop-pro.jp,Male,173.76.118.64
140,Roderigo,Beavan,rbeavan3v@epa.gov,Male,195.12.191.171
141,Alla,Alejandro,aalejandro3w@quantcast.com,Female,123.178.113.186
142,Duncan,Verchambre,dverchambre3x@yandex.ru,Male,85.141.162.135
143,Burgess,Denys,bdenys3y@foxnews.com,Male,200.103.48.28
144,Rosalyn,Pirelli,rpirelli3z@amazon.com,Female,6.124.140.81
145,Janek,Still,jstill40@homestead.com,Male,108.88.204.99
146,Fonsie,Rediers,frediers41@noaa.gov,Male,238.110.42.155
147,Andrus,Hymans,ahymans42@prlog.org,Male,54.137.49.176
148,Bevvy,Limer,blimer43@spiegel.de,Female,135.18.250.196
149,Kippie,Rohlf,krohlf44@ycombinator.com,Female,179.109.233.234
150,Dorette,Farlowe,dfarlowe45@ted.com,Female,159.159.10.112
151,Jillana,Feeney,jfeeney46@geocities.com,Female,48.124.193.196
152,Ambros,Peedell,apeedell47@acquirethisname.com,Male,52.129.161.47
153,Josephine,Andryunin,jandryunin48@deviantart.com,Female,251.125.93.170
154,Graig,Tathacott,gtathacott49@goo.gl,Male,187.226.91.5
155,Lenora,Hendriks,lhendriks4a@chron.com,Female,184.181.36.68
156,Ida,Trigg,itrigg4b@indiegogo.com,Female,86.119.118.160
157,Andrej,Meeus,ameeus4c@icq.com,Male,75.188.185.164
158,Konstantin,Mutter,kmutter4d@yandex.ru,Male,11.28.201.186
159,Hugh,Somerbell,hsomerbell4e@zdnet.com,Male,58.159.128.254
160,Mariele,Minchi,mminchi4f@soup.io,Female,147.125.196.143
161,Grover,Collick,gcollick4g@wikimedia.org,Male,220.42.56.107
162,Any,Mitskevich,amitskevich4h@columbia.edu,Male,1.36.145.226
163,Peadar,Hacaud,phacaud4i@independent.co.uk,Male,74.90.201.212
164,Jania,Domini,jdomini4j@people.com.cn,Female,15.8.231.105
165,Edlin,Mumberson,emumberson4k@hibu.com,Male,160.37.85.110
166,Ciro,Phibb,cphibb4l@hatena.ne.jp,Male,234.68.97.184
167,Bobbette,Danigel,bdanigel4m@weather.com,Female,150.81.39.75
168,Lucina,Savile,lsavile4n@microsoft.com,Female,227.53.219.63
169,Lombard,Pau,lpau4o@google.nl,Male,36.232.17.128
170,Elke,Gavigan,egavigan4p@cyberchimps.com,Female,29.49.168.8
171,Rena,Parlor,rparlor4q@stumbleupon.com,Female,47.158.199.202
172,Flore,Keene,fkeene4r@youtube.com,Female,131.165.113.166
173,Thomas,MacIlwrick,tmacilwrick4s@bluehost.com,Male,155.1.80.26
174,Abra,New,anew4t@alibaba.com,Female,24.202.156.109
175,Corbett,Horrell,chorrell4u@clickbank.net,Male,55.21.227.16
176,Bev,Frankland,bfrankland4v@mlb.com,Female,163.147.55.208
177,Hobart,Frohock,hfrohock4w@ocn.ne.jp,Male,239.152.90.204
178,Augustina,Dobsons,adobsons4x@cisco.com,Female,42.45.44.169
179,Poul,Punter,ppunter4y@dell.com,Male,123.168.33.151
180,Jeffie,Cuzen,jcuzen4z@naver.com,Male,140.83.19.170
181,Darill,Clampett,dclampett50@umich.edu,Male,105.171.243.110
182,Anita,Laister,alaister51@i2i.jp,Female,45.10.102.139
183,Kerr,Bridat,kbridat52@ustream.tv,Male,164.152.135.205
184,Elvyn,Camps,ecamps53@over-blog.com,Male,244.211.124.201
185,Tonya,Pilsbury,tpilsbury54@harvard.edu,Female,77.220.31.230
186,Gertrud,Burghill,gburghill55@unc.edu,Female,28.132.252.151
187,Ema,Ville,eville56@liveinternet.ru,Female,221.158.130.215
188,Sax,Kemery,skemery57@imdb.com,Male,169.206.73.176
189,Essa,Donaghie,edonaghie58@usa.gov,Female,30.226.223.230
190,Joane,Wigglesworth,jwigglesworth59@privacy.gov.au,Female,57.98.80.177
191,Adel,Heathwood,aheathwood5a@tumblr.com,Female,189.100.251.195
192,Derril,Beine,dbeine5b@independent.co.uk,Male,77.223.49.137
193,Katlin,Sirey,ksirey5c@woothemes.com,Female,196.61.234.133
194,Hagen,Liptrot,hliptrot5d@mac.com,Male,49.248.192.208
195,Joellen,Baudry,jbaudry5e@biblegateway.com,Female,31.3.44.179
196,Michal,Bermingham,mbermingham5f@elpais.com,Female,141.239.129.167
197,Clifford,Pescod,cpescod5g@odnoklassniki.ru,Male,3.27.201.209
198,Cory,Poundsford,cpoundsford5h@seesaa.net,Female,94.228.214.170
199,Taddeusz,Fairhead,tfairhead5i@blog.com,Male,130.178.72.220
200,Claudie,Pesik,cpesik5j@unc.edu,Female,86.56.59.54
201,Charlotta,Hawking,chawking5k@businessweek.com,Female,58.203.214.105
202,Nikolaos,Ackeroyd,nackeroyd5l@icio.us,Male,156.215.252.133
203,Martin,Swindon,mswindon5m@ihg.com,Male,205.180.28.177
204,Mayer,Craster,mcraster5n@photobucket.com,Male,28.107.80.203
205,Jilli,Trood,jtrood5o@php.net,Female,1.40.236.100
206,Samaria,Presley,spresley5p@biglobe.ne.jp,Female,253.160.127.110
207,Lyman,Hilldrup,lhilldrup5q@seattletimes.com,Male,165.185.233.231
208,Giffard,Townsend,gtownsend5r@dailymail.co.uk,Male,174.240.207.245
209,Jake,Pickervance,jpickervance5s@nytimes.com,Male,171.78.233.90
210,Donall,Goldston,dgoldston5t@unesco.org,Male,120.169.94.138
211,King,Hurles,khurles5u@ucoz.com,Male,87.11.225.197
212,Vevay,Balazin,vbalazin5v@liveinternet.ru,Female,54.128.172.199
213,Des,Reichert,dreichert5w@imdb.com,Male,2.40.150.39
214,Barnett,Osmant,bosmant5x@over-blog.com,Male,174.138.186.66
215,Gaylor,Couzens,gcouzens5y@wikia.com,Male,155.207.238.184
216,Timmie,Burth,tburth5z@last.fm,Male,212.40.232.117
217,Mace,Vlasyuk,mvlasyuk60@samsung.com,Male,77.113.168.207
218,Maximilian,Corps,mcorps61@census.gov,Male,61.160.224.134
219,Steffen,Tookey,stookey62@multiply.com,Male,131.52.62.50
220,Aube,Fedoronko,afedoronko63@ask.com,Male,228.17.173.33
221,Rubie,Goatcher,rgoatcher64@princeton.edu,Female,144.29.245.120
222,Phillipe,Wildman,pwildman65@alexa.com,Male,246.58.135.33
223,Sancho,Pailin,spailin66@nationalgeographic.com,Male,217.7.49.195
224,Mattie,Onthank,monthank67@shop-pro.jp,Male,17.60.48.94
225,Garth,Ellgood,gellgood68@google.es,Male,204.252.187.71
226,Glynnis,Admans,gadmans69@t.co,Female,139.118.232.3
227,Elizabet,Curtoys,ecurtoys6a@histats.com,Female,181.33.11.97
228,Timothy,Christopherson,tchristopherson6b@merriam-webster.com,Male,23.174.223.108
229,Mattie,Barbisch,mbarbisch6c@comsenz.com,Male,102.21.204.227
230,Elle,Trenear,etrenear6d@slate.com,Female,91.14.78.83
231,Delila,Rochford,drochford6e@mit.edu,Female,86.219.233.58
232,Elnora,Piola,epiola6f@admin.ch,Female,157.73.199.139
233,Nealy,Igglesden,nigglesden6g@statcounter.com,Male,216.13.197.124
234,Graham,Sandilands,gsandilands6h@histats.com,Male,239.66.105.50
235,Myriam,Frusher,mfrusher6i@multiply.com,Female,163.248.162.52
236,Dennie,Warboy,dwarboy6j@newyorker.com,Male,121.216.56.195
237,Maurits,Balsdone,mbalsdone6k@amazon.co.uk,Male,104.1.199.220
238,Yoshiko,Spikeings,yspikeings6l@weibo.com,Female,84.186.49.57
239,Eleonora,Plampeyn,eplampeyn6m@soundcloud.com,Female,252.77.199.251
240,Adaline,Spray,aspray6n@clickbank.net,Female,122.136.211.55
241,Hugues,Beckerleg,hbeckerleg6o@sogou.com,Male,155.5.114.80
242,Margareta,Hare,mhare6p@senate.gov,Female,107.134.5.138
243,Donall,Martinson,dmartinson6q@thetimes.co.uk,Male,218.9.100.98
244,Avery,Tie,atie6r@aol.com,Male,103.197.49.253
245,Raymund,De Lascy,rdelascy6s@ucla.edu,Male,192.233.50.88
246,Oliy,Beeston,obeeston6t@ft.com,Female,250.47.227.117
247,Viv,Ragg,vragg6u@gizmodo.com,Female,206.89.131.208
248,Randy,Mackneis,rmackneis6v@hatena.ne.jp,Male,127.189.44.123
249,Dotti,Onthank,donthank6w@artisteer.com,Female,245.227.133.232
250,Danyette,Page,dpage6x@state.gov,Female,51.47.3.168
251,Ruben,Rumble,rrumble6y@uiuc.edu,Male,109.54.126.64
252,Alta,Colenutt,acolenutt6z@topsy.com,Female,240.72.88.155
253,Nathanial,Massel,nmassel70@uol.com.br,Male,203.186.86.179
254,Sergent,Pickersail,spickersail71@google.com.hk,Male,34.108.0.170
255,Hunt,Coghlan,hcoghlan72@fastcompany.com,Male,222.255.66.22
256,Felita,Loache,floache73@twitpic.com,Female,102.176.31.66
257,Rayshell,Acom,racom74@go.com,Female,132.21.167.237
258,Dallas,Reinard,dreinard75@about.me,Male,48.79.67.128
259,Betsy,Bilson,bbilson76@webmd.com,Female,80.22.37.103
260,Lotta,Siddele,lsiddele77@tinypic.com,Female,116.198.153.216
261,Milty,Drydale,mdrydale78@un.org,Male,207.52.195.136
262,Robenia,Matten,rmatten79@independent.co.uk,Female,241.225.94.35
263,Darn,Zorzi,dzorzi7a@wikispaces.com,Male,73.69.81.242
264,Lana,Mc Grath,lmcgrath7b@sciencedaily.com,Female,90.171.105.249
265,Kattie,Sawley,ksawley7c@who.int,Female,247.112.131.219
266,Harp,Gasperi,hgasperi7d@sogou.com,Male,119.141.30.175
267,Jilleen,Flancinbaum,jflancinbaum7e@reddit.com,Female,184.45.58.43
268,Hannah,Lodemann,hlodemann7f@biglobe.ne.jp,Female,178.144.169.108
269,Monti,Hussy,mhussy7g@mayoclinic.com,Male,228.211.149.214
270,Giffie,Dockwra,gdockwra7h@eventbrite.com,Male,232.196.244.145
271,Jacinta,Purvey,jpurvey7i@histats.com,Female,200.6.244.17
272,Karolina,Bromley,kbromley7j@chicagotribune.com,Female,49.5.194.176
273,Debora,Josuweit,djosuweit7k@indiegogo.com,Female,199.230.154.155
274,Diarmid,MacMorland,dmacmorland7l@yolasite.com,Male,137.125.212.108
275,Remy,Drayton,rdrayton7m@t.co,Female,81.13.103.96
276,Marlane,Cankett,mcankett7n@cbc.ca,Female,20.194.103.233
277,Steffane,Verity,sverity7o@mail.ru,Female,91.113.91.95
278,Florie,Sissens,fsissens7p@sciencedaily.com,Female,242.206.132.242
279,Rafaelita,Halfacre,rhalfacre7q@va.gov,Female,191.129.206.71
280,Harri,Oriel,horiel7r@businessinsider.com,Female,157.97.60.159
281,Emilia,Ferreiro,eferreiro7s@seattletimes.com,Female,156.252.246.121
282,Selle,Heintze,sheintze7t@mit.edu,Female,22.170.20.63
283,Leese,Hallsworth,lhallsworth7u@java.com,Female,152.144.99.28
284,Rabbi,Waison,rwaison7v@cpanel.net,Male,234.244.173.93
285,Rozalin,Aspray,raspray7w@discovery.com,Female,135.219.146.39
286,Lucio,Twinbourne,ltwinbourne7x@discuz.net,Male,77.246.217.49
287,Stuart,Pyett,spyett7y@shutterfly.com,Male,179.99.193.231
288,Tammie,Blackleech,tblackleech7z@icq.com,Female,176.62.106.35
289,Kalil,Whife,kwhife80@jigsy.com,Male,23.147.193.209
290,Hyacinthia,Barhems,hbarhems81@scientificamerican.com,Female,197.102.45.52
291,Kalvin,Pearsall,kpearsall82@smugmug.com,Male,201.171.232.65
292,Heda,Quarton,hquarton83@unesco.org,Female,240.76.128.88
293,Alecia,Miroy,amiroy84@harvard.edu,Female,176.235.106.160
294,Ruprecht,Elwel,relwel85@dagondesign.com,Male,10.119.175.191
295,Koressa,Hubbert,khubbert86@discovery.com,Female,86.137.131.23
296,Faustina,MacInnes,fmacinnes87@sphinn.com,Female,250.224.187.37
297,Lanna,Beckers,lbeckers88@reddit.com,Female,197.187.140.193
298,Kissiah,Slator,kslator89@arizona.edu,Female,150.216.198.36
299,Bari,McGillivray,bmcgillivray8a@yandex.ru,Female,167.141.191.131
300,Karalynn,Lapham,klapham8b@ask.com,Female,23.154.68.133
301,Libbi,Harome,lharome8c@mapquest.com,Female,108.89.191.40
302,Patsy,Haggata,phaggata8d@tumblr.com,Male,112.43.45.122
303,Iain,Gwynn,igwynn8e@amazonaws.com,Male,96.193.157.124
304,Wileen,Elderton,welderton8f@ameblo.jp,Female,9.153.4.232
305,Symon,Buttler,sbuttler8g@auda.org.au,Male,144.153.181.1
306,Wallache,Ruckman,wruckman8h@unicef.org,Male,123.147.9.85
307,Genvieve,Zamboniari,gzamboniari8i@discovery.com,Female,117.228.85.149
308,Jaimie,Hedin,jhedin8j@ask.com,Male,112.164.24.227
309,Reilly,Reihm,rreihm8k@creativecommons.org,Male,16.18.54.182
310,Kimmy,Shearman,kshearman8l@google.ca,Female,252.81.23.49
311,Opaline,Billows,obillows8m@symantec.com,Female,17.134.206.249
312,Tyne,Tanner,ttanner8n@dmoz.org,Female,23.185.188.145
313,Randall,Tumelty,rtumelty8o@cafepress.com,Male,142.123.177.89
314,Charline,Beddis,cbeddis8p@bbb.org,Female,162.107.43.192
315,Lyn,Chessman,lchessman8q@uiuc.edu,Female,20.41.207.95
316,Adams,Giffon,agiffon8r@thetimes.co.uk,Male,184.161.43.42
317,Georgetta,Rooms,grooms8s@unesco.org,Female,86.209.109.154
318,Dorise,McGibbon,dmcgibbon8t@i2i.jp,Female,2.140.241.108
319,Nonna,Risborough,nrisborough8u@cbslocal.com,Female,63.136.196.237
320,Koenraad,Mullenger,kmullenger8v@dagondesign.com,Male,129.86.112.194
321,Hedwig,Astley,hastley8w@amazonaws.com,Female,138.197.23.73
322,Rycca,Iacapucci,riacapucci8x@usda.gov,Female,115.244.223.226
323,Neddie,Scottini,nscottini8y@example.com,Male,214.51.145.44
324,Alfons,Frushard,afrushard8z@wunderground.com,Male,245.148.99.146
325,Turner,Screase,tscrease90@com.com,Male,198.183.199.95
326,Kalvin,Bowkett,kbowkett91@forbes.com,Male,92.107.204.89
327,Shaun,Peizer,speizer92@uol.com.br,Female,74.86.145.70
328,Andee,Doughill,adoughill93@sohu.com,Female,197.108.105.137
329,Willette,Mayor,wmayor94@topsy.com,Female,125.173.7.244
330,Obie,Pietruszka,opietruszka95@domainmarket.com,Male,31.243.250.32
331,Brittany,Marshalleck,bmarshalleck96@miitbeian.gov.cn,Female,34.247.61.126
332,Beitris,Heskin,bheskin97@webs.com,Female,42.179.193.111
333,Rosalynd,Akers,rakers98@psu.edu,Female,99.226.27.58
334,Jacklin,Bigland,jbigland99@cyberchimps.com,Female,224.178.230.214
335,Madelon,Faraday,mfaraday9a@wsj.com,Female,213.115.129.150
336,Patrizius,Fossitt,pfossitt9b@altervista.org,Male,211.242.38.57
337,Rikki,Bonner,rbonner9c@topsy.com,Male,10.17.128.106
338,Kevan,Castiglioni,kcastiglioni9d@slideshare.net,Male,199.60.105.141
339,Alexandre,Saulter,asaulter9e@vinaora.com,Male,76.230.201.134
340,Alina,Burrells,aburrells9f@dot.gov,Female,89.21.47.44
341,Billie,Andersson,bandersson9g@princeton.edu,Male,207.192.41.52
342,Travus,Yeend,tyeend9h@dell.com,Male,150.179.82.233
343,Patrizius,Stoney,pstoney9i@linkedin.com,Male,92.34.12.193
344,Ramsey,Ilewicz,rilewicz9j@guardian.co.uk,Male,29.146.130.67
345,Ferris,Elrick,felrick9k@rakuten.co.jp,Male,125.74.109.173
346,Deck,Middlemiss,dmiddlemiss9l@rambler.ru,Male,98.215.84.17
347,Mia,Dellit,mdellit9m@washington.edu,Female,232.218.81.31
348,Fanchette,Flohard,fflohard9n@edublogs.org,Female,64.146.97.59
349,Hugo,Vize,hvize9o@businesswire.com,Male,213.89.143.21
350,Milty,Joreau,mjoreau9p@unicef.org,Male,65.250.195.245
351,Weber,Freeborn,wfreeborn9q@time.com,Male,159.178.58.1
352,Blondell,Sabatini,bsabatini9r@simplemachines.org,Female,153.164.36.19
353,Chelsae,Cardno,ccardno9s@ucla.edu,Female,121.26.20.221
354,Othella,Powys,opowys9t@angelfire.com,Female,102.227.242.203
355,Art,Brachell,abrachell9u@miitbeian.gov.cn,Male,137.68.70.193
356,Arlen,Marlon,amarlon9v@canalblog.com,Male,137.154.149.212
357,Luce,Kerrich,lkerrich9w@cocolog-nifty.com,Male,196.215.72.82
358,Brandon,Thaxton,bthaxton9x@twitter.com,Male,214.196.3.171
359,Munroe,Simnel,msimnel9y@blogspot.com,Male,68.50.236.163
360,Enid,Ornelas,eornelas9z@webeden.co.uk,Female,35.139.70.15
361,Willem,Probin,wprobina0@mac.com,Male,188.251.248.164
362,Clarinda,Armistead,carmisteada1@sciencedaily.com,Female,31.137.181.85
363,Lainey,Cannings,lcanningsa2@free.fr,Female,91.200.162.82
364,Haley,Lascelles,hlascellesa3@netvibes.com,Male,228.107.165.143
365,Demetri,Caunce,dcauncea4@google.es,Male,52.81.165.91
366,Eustace,Irvine,eirvinea5@yolasite.com,Male,84.1.244.86
367,Rochella,Tunuy,rtunuya6@oracle.com,Female,227.193.151.130
368,Wait,Winchcum,wwinchcuma7@yahoo.com,Male,129.49.72.210
369,Benito,Kirdsch,bkirdscha8@fc2.com,Male,111.227.231.65
370,Alberik,Jeaneau,ajeaneaua9@csmonitor.com,Male,231.94.120.94
371,Korney,Matteacci,kmatteacciaa@histats.com,Female,41.175.46.112
372,Aimil,Bringloe,abringloeab@eepurl.com,Female,66.66.112.50
373,Noel,Jouandet,njouandetac@ft.com,Male,28.47.244.45
374,Marty,Dorsett,mdorsettad@tuttocitta.it,Female,138.231.53.32
375,Juditha,Swinburn,jswinburnae@wp.com,Female,170.120.47.186
376,Thomasa,Purle,tpurleaf@discovery.com,Female,73.31.115.230
377,Ailey,Lamberti,alambertiag@statcounter.com,Female,13.23.27.195
378,Inge,Overland,ioverlandah@wordpress.com,Female,251.56.181.206
379,Roz,Size,rsizeai@ameblo.jp,Female,184.120.74.131
380,Aharon,Fremantle,afremantleaj@apple.com,Male,221.212.72.140
381,Traver,Izatt,tizattak@theguardian.com,Male,159.122.232.123
382,Tamera,Spacy,tspacyal@bloglines.com,Female,174.22.59.47
383,Meggie,Glede,mgledeam@ebay.com,Female,30.51.242.84
384,Helena,Ingraham,hingrahaman@facebook.com,Female,230.72.116.239
385,Levi,Mattschas,lmattschasao@ocn.ne.jp,Male,95.162.223.101
386,Cornie,Crossley,ccrossleyap@spiegel.de,Male,122.111.82.118
387,Burch,Middell,bmiddellaq@nsw.gov.au,Male,129.133.221.92
388,Davie,Siderfin,dsiderfinar@pen.io,Male,176.14.30.140
389,Joli,Shoosmith,jshoosmithas@moonfruit.com,Female,35.80.224.30
390,Emmie,Iannuzzi,eiannuzziat@photobucket.com,Female,57.22.215.87
391,Andrew,Lenox,alenoxau@webmd.com,Male,27.54.183.124
392,Alli,Chaffyn,achaffynav@cafepress.com,Female,36.240.101.218
393,Emlynne,MacAnellye,emacanellyeaw@ow.ly,Female,133.53.248.72
394,Vern,Osgodby,vosgodbyax@pinterest.com,Male,36.230.228.16
395,Cal,Edmeads,cedmeadsay@t.co,Female,138.139.28.58
396,Frankie,Oldershaw,foldershawaz@fda.gov,Female,16.47.188.89
397,Troy,Shireff,tshireffb0@people.com.cn,Male,182.161.73.227
398,Alberto,Faudrie,afaudrieb1@alexa.com,Male,87.1.123.52
399,Breanne,Shortin,bshortinb2@123-reg.co.uk,Female,12.59.135.204
400,Albertine,Raithby,araithbyb3@fda.gov,Female,117.142.117.111
401,Lamar,Theakston,ltheakstonb4@github.com,Male,63.12.208.97
402,Nell,Ciccarello,nciccarellob5@macromedia.com,Female,241.15.207.119
403,Teodor,Grady,tgradyb6@howstuffworks.com,Male,102.215.103.188
404,Amaleta,Sherington,asheringtonb7@fastcompany.com,Female,185.242.155.207
405,Hubey,Gawthorpe,hgawthorpeb8@epa.gov,Male,92.180.77.130
406,Franni,Kyffin,fkyffinb9@shinystat.com,Female,24.127.58.112
407,Seymour,Antao,santaoba@mtv.com,Male,108.11.87.241
408,Brett,Ennals,bennalsbb@t-online.de,Female,201.226.99.144
409,Heinrick,Brosius,hbrosiusbc@uol.com.br,Male,208.241.128.135
410,Marley,Salt,msaltbd@goodreads.com,Female,171.254.245.15
411,Sibelle,Larway,slarwaybe@un.org,Female,10.168.254.213
412,Arlan,Jaume,ajaumebf@amazonaws.com,Male,159.222.149.248
413,Dorothea,Gethen,dgethenbg@qq.com,Female,39.39.97.122
414,Vladamir,Crossfeld,vcrossfeldbh@techcrunch.com,Male,222.87.255.88
415,Egan,Wicks,ewicksbi@mozilla.com,Male,202.48.213.175
416,Clyve,Formilli,cformillibj@goo.gl,Male,154.23.86.4
417,Hastie,Osgarby,hosgarbybk@woothemes.com,Male,6.50.238.200
418,Dunstan,Scurman,dscurmanbl@japanpost.jp,Male,189.162.77.242
419,Jammie,Rablan,jrablanbm@odnoklassniki.ru,Female,28.187.2.141
420,Evyn,Laurencot,elaurencotbn@intel.com,Male,148.18.161.9
421,Milt,Povah,mpovahbo@marketwatch.com,Male,250.156.91.61
422,Lothario,Cosyns,lcosynsbp@phoca.cz,Male,176.44.88.45
423,Lamar,Cantrill,lcantrillbq@twitter.com,Male,131.193.201.224
424,Orelia,Abramski,oabramskibr@kickstarter.com,Female,22.140.244.83
425,Rocky,Eddison,reddisonbs@narod.ru,Male,160.181.9.12
426,Alphard,Veschambre,aveschambrebt@lulu.com,Male,249.75.49.193
427,Standford,Cleland,sclelandbu@wix.com,Male,8.161.220.157
428,Lynea,Charlick,lcharlickbv@usda.gov,Female,95.172.185.17
429,Aila,McIlraith,amcilraithbw@netvibes.com,Female,94.140.125.159
430,Trumann,Peal,tpealbx@altervista.org,Male,153.166.12.184
431,Devora,Petersen,dpetersenby@gravatar.com,Female,134.144.139.138
432,Margaux,Antunes,mantunesbz@wisc.edu,Female,237.105.53.120
433,Riki,Wofenden,rwofendenc0@yolasite.com,Female,102.43.194.207
434,Cthrine,Jurick,cjurickc1@ibm.com,Female,68.82.132.27
435,Teddy,Everill,teverillc2@reference.com,Male,125.239.168.102
436,Francisca,Calrow,fcalrowc3@plala.or.jp,Female,226.54.183.22
437,Kurt,Willmott,kwillmottc4@odnoklassniki.ru,Male,101.196.117.240
438,Lucienne,Hallock,lhallockc5@mozilla.org,Female,21.21.75.80
439,Homerus,Gurner,hgurnerc6@digg.com,Male,93.190.14.154
440,Trstram,Paynter,tpaynterc7@spiegel.de,Male,44.192.241.219
441,Derek,Edie,dediec8@cyberchimps.com,Male,186.102.59.229
442,Alla,Dedam,adedamc9@hugedomains.com,Female,151.121.1.74
443,Leodora,Lepard,llepardca@tumblr.com,Female,209.41.57.212
444,Gianina,Lean,gleancb@wisc.edu,Female,158.183.253.0
445,Perry,Lodevick,plodevickcc@house.gov,Male,39.199.52.63
446,Jackie,Chadwick,jchadwickcd@ucoz.ru,Male,1.139.28.135
447,Seline,Stoyle,sstoylece@nyu.edu,Female,76.233.170.96
448,Jayne,Lentsch,jlentschcf@fastcompany.com,Female,66.208.206.133
449,Ansell,Wedgbrow,awedgbrowcg@craigslist.org,Male,252.223.125.218
450,Sebastiano,Thornhill,sthornhillch@wp.com,Male,121.120.102.182
451,Harald,Suddaby,hsuddabyci@bing.com,Male,251.56.54.64
452,Corabelle,Hitzschke,chitzschkecj@businessweek.com,Female,165.157.173.46
453,Pernell,Ginley,pginleyck@seesaa.net,Male,177.210.23.76
454,Sergent,Bliven,sblivencl@army.mil,Male,26.20.51.246
455,Yetty,Madders,ymadderscm@about.me,Female,65.186.60.21
456,Inigo,Skacel,iskacelcn@ocn.ne.jp,Male,119.111.100.25
457,Jasmina,Catto,jcattoco@wikipedia.org,Female,48.90.1.98
458,Harlene,Ferrarotti,hferrarotticp@nymag.com,Female,102.245.27.184
459,Cally,Sakins,csakinscq@patch.com,Female,156.216.216.183
460,Bryna,Nutkins,bnutkinscr@furl.net,Female,212.75.12.5
461,Franny,Dorot,fdorotcs@google.com.hk,Male,59.235.147.179
462,Biron,Barniss,bbarnissct@artisteer.com,Male,240.186.85.181
463,Damon,Bengefield,dbengefieldcu@blogspot.com,Male,133.28.35.114
464,Clarette,Woollam,cwoollamcv@about.me,Female,130.112.2.52
465,Raoul,Haslum,rhaslumcw@berkeley.edu,Male,27.246.9.183
466,Carver,Rohfsen,crohfsencx@mit.edu,Male,130.3.54.212
467,Torrey,Loram,tloramcy@arizona.edu,Male,167.250.142.90
468,Kain,Such,ksuchcz@over-blog.com,Male,186.1.151.123
469,Dimitry,Hatterslay,dhatterslayd0@cnbc.com,Male,80.53.215.106
470,Carmella,Crossman,ccrossmand1@jugem.jp,Female,185.255.57.15
471,Flor,Loude,flouded2@list-manage.com,Female,9.43.109.173
472,Brandon,Clampett,bclampettd3@npr.org,Male,106.18.239.90
473,Thedric,Cawkwell,tcawkwelld4@symantec.com,Male,137.93.243.80
474,Angie,Crummay,acrummayd5@goo.ne.jp,Male,197.169.199.64
475,Anabella,Le Breton De La Vieuville,alebretondelavieuvilled6@moonfruit.com,Female,159.195.239.222
476,Adan,Carcas,acarcasd7@51.la,Female,70.131.246.105
477,Debi,Dyet,ddyetd8@pagesperso-orange.fr,Female,126.64.231.245
478,Lita,Behagg,lbehaggd9@macromedia.com,Female,116.192.245.35
479,Philomena,Piggin,ppigginda@youku.com,Female,104.197.213.140
480,Farley,Pearde,fpeardedb@godaddy.com,Male,111.186.236.253
481,Agnesse,Drakes,adrakesdc@barnesandnoble.com,Female,122.162.188.85
482,Rooney,McKevany,rmckevanydd@dyndns.org,Male,92.169.234.184
483,Lazare,Middlehurst,lmiddlehurstde@tumblr.com,Male,207.137.242.102
484,Sydney,Hartop,shartopdf@whitehouse.gov,Female,226.214.145.232
485,Jemmie,Leglise,jleglisedg@yandex.ru,Female,197.139.164.84
486,Viviyan,Tupp,vtuppdh@businessweek.com,Female,188.76.54.21
487,Myrlene,Catcherside,mcatchersidedi@cnbc.com,Female,0.15.35.184
488,Carlynne,Vaulkhard,cvaulkharddj@wired.com,Female,77.193.144.9
489,Son,Eveque,sevequedk@statcounter.com,Male,174.51.113.110
490,Tait,Devorill,tdevorilldl@admin.ch,Male,161.235.220.52
491,Carena,Leyshon,cleyshondm@prnewswire.com,Female,228.164.34.125
492,Jermain,Owlner,jowlnerdn@about.com,Male,3.234.171.85
493,Myrvyn,Moyles,mmoylesdo@patch.com,Male,183.103.3.196
494,Jasen,Lilburne,jlilburnedp@bigcartel.com,Male,123.23.181.159
495,Sabrina,Aleshintsev,saleshintsevdq@bizjournals.com,Female,22.73.232.234
496,Sal,Gilliatt,sgilliattdr@ucsd.edu,Male,75.150.213.241
497,Colet,Breeton,cbreetonds@multiply.com,Male,177.222.21.126
498,Si,Cullnean,scullneandt@blogger.com,Male,113.75.128.195
499,Melody,Erni,mernidu@archive.org,Female,211.79.37.62
500,Hi,Koch,hkochdv@businessinsider.com,Male,54.26.7.129
501,Arty,Chmiel,achmieldw@salon.com,Male,237.45.104.15
502,Sheila-kathryn,Rayne,sraynedx@nifty.com,Female,22.26.26.157
503,Wilhelm,Kuhndel,wkuhndeldy@prweb.com,Male,121.222.224.18
504,Eal,Camies,ecamiesdz@csmonitor.com,Male,240.124.1.53
505,Cordy,Ewens,cewense0@accuweather.com,Female,38.200.228.239
506,Yard,Madsen,ymadsene1@amazon.co.jp,Male,77.37.148.210
507,Kaylil,Largen,klargene2@virginia.edu,Female,161.126.68.3
508,Lind,Sorrel,lsorrele3@shop-pro.jp,Male,200.148.37.47
509,Storm,Topper,stoppere4@sfgate.com,Female,130.13.97.169
510,Wendall,Thorns,wthornse5@free.fr,Male,217.129.213.143
511,Zondra,Giovanitti,zgiovanittie6@seesaa.net,Female,99.208.239.195
512,Esma,McCroary,emccroarye7@independent.co.uk,Female,70.85.243.35
513,Ambros,Leverage,aleveragee8@tamu.edu,Male,191.39.159.130
514,Cornelle,Stansby,cstansbye9@youtube.com,Female,131.183.240.71
515,Modesta,Argente,margenteea@plala.or.jp,Female,117.84.139.60
516,Norma,Lindeboom,nlindeboomeb@npr.org,Female,157.27.243.20
517,Mannie,Grzesiewicz,mgrzesiewiczec@dmoz.org,Male,204.144.136.52
518,Cleon,Goodayle,cgoodayleed@google.de,Male,152.154.87.77
519,Barnabas,Whiting,bwhitingee@hao123.com,Male,248.137.120.99
520,Dick,Drynan,ddrynanef@live.com,Male,78.27.195.134
521,Piotr,Eaddy,peaddyeg@reddit.com,Male,170.167.11.182
522,Stanislas,Kingscott,skingscotteh@studiopress.com,Male,37.245.8.105
523,Aubrey,Kimmins,akimminsei@creativecommons.org,Female,245.33.117.253
524,Silvia,Beatens,sbeatensej@chronoengine.com,Female,252.138.111.15
525,Raimund,Miguel,rmiguelek@un.org,Male,40.5.229.53
526,Asa,Nunes Nabarro,anunesnabarroel@state.gov,Male,66.178.178.80
527,Meta,Gretton,mgrettonem@constantcontact.com,Female,232.54.34.33
528,Lind,McConnal,lmcconnalen@blogtalkradio.com,Female,249.86.175.32
529,Hugh,Hague,hhagueeo@icq.com,Male,219.55.41.110
530,Zachery,Dymock,zdymockep@canalblog.com,Male,100.59.175.132
531,Jeannette,Lethby,jlethbyeq@icio.us,Female,221.109.235.16
532,Peyton,Veart,pvearter@sphinn.com,Male,140.236.193.152
533,Thor,Piatto,tpiattoes@answers.com,Male,28.77.242.10
534,Tersina,Pautard,tpautardet@bloglovin.com,Female,20.239.214.38
535,Gerry,Screeton,gscreetoneu@friendfeed.com,Male,88.201.210.248
536,Gwendolyn,Padbery,gpadberyev@lycos.com,Female,87.199.153.199
537,Minny,Formoy,mformoyew@google.es,Female,160.151.232.150
538,Garvin,Fortun,gfortunex@nih.gov,Male,47.235.134.186
539,Jimmy,Seabrook,jseabrookey@mozilla.com,Male,65.56.105.140
540,Dev,Albutt,dalbuttez@census.gov,Male,35.21.178.66
541,Amil,Sturch,asturchf0@youtube.com,Female,192.51.243.189
542,Cindie,Spawforth,cspawforthf1@bizjournals.com,Female,28.75.223.91
543,Diane,Pickard,dpickardf2@youtu.be,Female,196.97.21.159
544,Valma,Drewry,vdrewryf3@pbs.org,Female,69.131.5.76
545,Aurie,Donald,adonaldf4@state.tx.us,Female,196.194.113.214
546,Ashbey,Jacox,ajacoxf5@un.org,Male,76.101.66.125
547,Kirstyn,Boutton,kbouttonf6@skype.com,Female,35.157.37.210
548,Siusan,Digance,sdigancef7@yahoo.com,Female,192.173.250.105
549,Beverlee,Wix,bwixf8@privacy.gov.au,Female,129.229.50.84
550,Charmane,Morison,cmorisonf9@discovery.com,Female,113.18.203.78
551,Janessa,Gilcriest,jgilcriestfa@berkeley.edu,Female,168.82.106.119
552,Sheelagh,Mandy,smandyfb@last.fm,Female,39.192.4.220
553,Ephraim,Blowfield,eblowfieldfc@auda.org.au,Male,225.44.156.218
554,Harris,Galway,hgalwayfd@fema.gov,Male,18.38.170.208
555,Tisha,Farrance,tfarrancefe@bizjournals.com,Female,212.86.101.199
556,Shaughn,McNuff,smcnuffff@yellowpages.com,Male,91.86.165.12
557,Lyn,Hoofe,lhoofefg@yahoo.co.jp,Male,76.57.47.158
558,Odetta,Naptine,onaptinefh@vistaprint.com,Female,43.165.34.72
559,Hall,Revett,hrevettfi@answers.com,Male,157.12.212.38
560,Jerome,De Bernardi,jdebernardifj@domainmarket.com,Male,238.74.112.224
561,Tilda,Thirtle,tthirtlefk@auda.org.au,Female,32.110.136.168
562,Belicia,Kemsley,bkemsleyfl@odnoklassniki.ru,Female,189.185.157.210
563,Harrietta,Vell,hvellfm@intel.com,Female,208.13.65.250
564,Marga,Spillett,mspillettfn@shinystat.com,Female,160.75.7.4
565,Paxon,Finden,pfindenfo@instagram.com,Male,119.229.69.114
566,Alaster,Jessel,ajesselfp@wp.com,Male,10.139.208.46
567,Kerry,Torregiani,ktorregianifq@icq.com,Female,152.104.156.161
568,Carlita,Buzin,cbuzinfr@prnewswire.com,Female,150.115.52.80
569,Sadella,Tomasello,stomasellofs@unesco.org,Female,138.61.16.94
570,Adriana,Gann,agannft@reddit.com,Female,19.44.13.205
571,Johnnie,Delahunty,jdelahuntyfu@tuttocitta.it,Male,23.167.253.214
572,Jackelyn,Prisley,jprisleyfv@cocolog-nifty.com,Female,224.97.139.59
573,Frederica,Liger,fligerfw@archive.org,Female,122.99.181.0
574,Dur,Trowl,dtrowlfx@alexa.com,Male,79.109.36.16
575,Jessee,Slimings,jslimingsfy@ifeng.com,Male,42.225.93.194
576,Andy,Wanstall,awanstallfz@de.vu,Female,199.52.122.193
577,Blinni,Kyngdon,bkyngdong0@sina.com.cn,Female,157.207.146.17
578,Allyce,Odcroft,aodcroftg1@umn.edu,Female,122.50.18.99
579,Rosamund,Dartnell,rdartnellg2@jalbum.net,Female,227.129.240.191
580,Nadine,Brogden,nbrogdeng3@a8.net,Female,183.111.239.222
581,Artemus,MacKnocker,amacknockerg4@wix.com,Male,206.72.230.59
582,Friederike,Stuer,fstuerg5@canalblog.com,Female,32.14.44.141
583,Issiah,Brocklebank,ibrocklebankg6@studiopress.com,Male,84.173.21.187
584,Audie,Dagleas,adagleasg7@acquirethisname.com,Female,240.240.31.252
585,Eugenius,Grundon,egrundong8@booking.com,Male,222.72.25.144
586,Emelita,Kisby,ekisbyg9@engadget.com,Female,126.119.253.0
587,Dorey,Paffitt,dpaffittga@quantcast.com,Male,211.135.122.187
588,Ash,Oswald,aoswaldgb@tmall.com,Male,203.239.72.44
589,Krisha,Armell,karmellgc@tmall.com,Male,211.44.87.218
590,Clemmie,Gatenby,cgatenbygd@patch.com,Female,171.125.184.208
591,Hettie,Bremmell,hbremmellge@nbcnews.com,Female,42.30.203.31
592,Benny,Bestar,bbestargf@about.com,Female,45.68.130.119
593,Anton,Pasby,apasbygg@squarespace.com,Male,54.69.54.244
594,Robinette,Ketchaside,rketchasidegh@eventbrite.com,Female,45.176.37.136
595,Renado,Newcomen,rnewcomengi@china.com.cn,Male,182.219.243.215
596,Tasha,Okroy,tokroygj@sohu.com,Female,115.125.157.133
597,Wash,Piegrome,wpiegromegk@miitbeian.gov.cn,Male,53.48.4.136
598,Tadeo,Filyushkin,tfilyushkingl@nps.gov,Male,65.240.22.40
599,Orly,Shuttle,oshuttlegm@narod.ru,Female,74.85.198.1
600,Milt,Brusby,mbrusbygn@a8.net,Male,88.133.2.53
601,Nat,Salliere,nsallierego@altervista.org,Female,214.75.224.222
602,Olly,Scain,oscaingp@spiegel.de,Male,35.115.130.233
603,Emmy,Monroe,emonroegq@people.com.cn,Male,68.125.221.32
604,Corenda,Waud,cwaudgr@discovery.com,Female,182.155.28.49
605,Julissa,Cammomile,jcammomilegs@uiuc.edu,Female,201.112.232.25
606,Sibella,Lauthian,slauthiangt@archive.org,Female,175.236.13.123
607,Hermione,Miskin,hmiskingu@tinyurl.com,Female,220.61.120.236
608,Gaile,Mohan,gmohangv@accuweather.com,Male,33.61.182.239
609,Janetta,Gelderd,jgelderdgw@github.com,Female,46.224.170.220
610,Minda,Allwell,mallwellgx@wikia.com,Female,15.238.212.117
611,Alvis,Gurys,agurysgy@mac.com,Male,106.87.54.31
612,Nell,Sweetman,nsweetmangz@eventbrite.com,Female,155.50.159.246
613,Christabel,Nornasell,cnornasellh0@shutterfly.com,Female,96.174.194.7
614,Enrika,Eaglen,eeaglenh1@statcounter.com,Female,112.120.59.149
615,Gray,Sawkins,gsawkinsh2@chicagotribune.com,Female,178.136.37.155
616,Margret,Borne,mborneh3@ebay.com,Female,120.57.253.91
617,Crin,Atherton,cathertonh4@telegraph.co.uk,Female,0.151.244.213
618,Gabby,Christensen,gchristensenh5@webnode.com,Male,138.49.110.153
619,Gabriele,Augustine,gaugustineh6@msu.edu,Male,89.107.122.96
620,Denna,Ketchell,dketchellh7@hugedomains.com,Female,239.243.66.144
621,Alfonse,Hebbs,ahebbsh8@com.com,Male,75.66.85.53
622,Theresita,Bennington,tbenningtonh9@aboutads.info,Female,232.39.165.195
623,Federica,Dyster,fdysterha@prnewswire.com,Female,206.147.129.16
624,Judith,Peteri,jpeterihb@jimdo.com,Female,160.209.136.75
625,Red,Harse,rharsehc@ebay.com,Male,135.104.56.135
626,Terese,Winckworth,twinckworthhd@paginegialle.it,Female,212.157.194.247
627,Xymenes,Heak,xheakhe@fastcompany.com,Male,158.231.37.108
628,Alene,Pavelin,apavelinhf@yandex.ru,Female,46.51.27.220
629,Giulia,Clemas,gclemashg@homestead.com,Female,226.195.61.126
630,Rea,Grange,rgrangehh@elegantthemes.com,Female,42.180.4.242
631,Carilyn,Ferry,cferryhi@weather.com,Female,33.113.47.58
632,Pen,Rylance,prylancehj@tiny.cc,Male,208.24.43.105
633,Mindy,Inder,minderhk@slideshare.net,Female,12.123.193.168
634,Tate,Paragreen,tparagreenhl@google.com.hk,Male,166.89.246.169
635,Errol,Kinchley,ekinchleyhm@techcrunch.com,Male,103.129.115.73
636,Liesa,McCully,lmccullyhn@toplist.cz,Female,211.78.171.181
637,Orly,Stammers,ostammersho@parallels.com,Female,212.149.91.147
638,Chrissy,Spancock,cspancockhp@163.com,Male,15.213.193.3
639,Tatiania,Stolli,tstollihq@goo.ne.jp,Female,156.143.10.24
640,Erie,Moorrud,emoorrudhr@dailymail.co.uk,Male,224.65.52.133
641,Thatch,Swannell,tswannellhs@japanpost.jp,Male,193.93.175.44
642,Lauree,Purcell,lpurcellht@istockphoto.com,Female,179.198.108.95
643,Horst,Breed,hbreedhu@freewebs.com,Male,151.180.91.232
644,Ibbie,Cordoba,icordobahv@fastcompany.com,Female,116.62.84.250
645,Ninon,Longthorn,nlongthornhw@miitbeian.gov.cn,Female,12.17.181.36
646,Vonni,Ferrieri,vferrierihx@unblog.fr,Female,179.47.56.239
647,Angelita,Dower,adowerhy@xrea.com,Female,222.248.10.30
648,Marjorie,Channon,mchannonhz@a8.net,Female,165.45.195.203
649,Gillie,Silverlock,gsilverlocki0@amazon.co.jp,Female,136.220.57.69
650,Rowen,Bilsford,rbilsfordi1@psu.edu,Male,40.49.251.83
651,Brandie,Kennsley,bkennsleyi2@geocities.com,Female,133.216.215.56
652,Montgomery,Arndell,marndelli3@columbia.edu,Male,101.212.55.49
653,Ruggiero,Becker,rbeckeri4@reuters.com,Male,211.19.94.100
654,Angelia,Shemming,ashemmingi5@ifeng.com,Female,10.61.135.8
655,Gregor,Swiffan,gswiffani6@macromedia.com,Male,38.191.8.101
656,Quinn,Bungey,qbungeyi7@ft.com,Female,181.199.139.148
657,Yardley,Eads,yeadsi8@deliciousdays.com,Male,33.74.92.78
658,Fancie,Gwillim,fgwillimi9@yahoo.co.jp,Female,176.135.45.113
659,Odelinda,Tomasello,otomaselloia@nature.com,Female,195.7.246.8
660,Carmine,D'Ambrogi,cdambrogiib@sourceforge.net,Female,17.112.140.14
661,Harrie,Geist,hgeistic@addtoany.com,Female,33.221.155.130
662,Marla,Bein,mbeinid@diigo.com,Female,12.15.114.18
663,Kelsy,Stonner,kstonnerie@w3.org,Female,100.100.131.200
664,Bax,Noods,bnoodsif@tmall.com,Male,207.112.64.14
665,Hadria,Benedict,hbenedictig@kickstarter.com,Female,178.183.204.11
666,Aldrich,McCallam,amccallamih@elegantthemes.com,Male,192.203.191.254
667,Wylma,Darycott,wdarycottii@cmu.edu,Female,117.227.135.76
668,Darcey,Shergold,dshergoldij@com.com,Female,254.38.191.113
669,Renaud,Semper,rsemperik@fc2.com,Male,112.4.122.156
670,Reggie,Meekins,rmeekinsil@altervista.org,Female,93.13.29.209
671,Roderich,Richardeau,rrichardeauim@friendfeed.com,Male,44.61.115.95
672,Pete,Adelberg,padelbergin@lulu.com,Male,249.239.110.7
673,Weylin,Acres,wacresio@digg.com,Male,102.221.34.13
674,Davina,Manneville,dmannevilleip@altervista.org,Female,40.109.111.1
675,Dionysus,Vuittet,dvuittetiq@sohu.com,Male,26.27.142.94
676,Hunter,Harrigan,hharriganir@bigcartel.com,Male,113.249.75.105
677,Evelina,Reggler,ereggleris@gravatar.com,Female,192.41.174.125
678,Sigrid,Bethell,sbethellit@jiathis.com,Female,140.172.188.233
679,Kaine,Cocksedge,kcocksedgeiu@ca.gov,Male,150.58.148.226
680,Elsworth,Hummerston,ehummerstoniv@whitehouse.gov,Male,104.55.255.161
681,Kakalina,Burridge,kburridgeiw@apple.com,Female,131.123.122.89
682,Tobiah,Barstow,tbarstowix@wp.com,Male,48.230.15.124
683,Gannie,Audus,gaudusiy@list-manage.com,Male,110.12.234.45
684,Mac,Isakovitch,misakovitchiz@tmall.com,Male,156.132.146.107
685,Erina,Clace,eclacej0@dailymail.co.uk,Female,12.244.110.67
686,Tallou,Mathewes,tmathewesj1@thetimes.co.uk,Female,11.217.196.123
687,Sonnie,Berndtssen,sberndtssenj2@etsy.com,Female,139.41.195.176
688,Sayre,Bachs,sbachsj3@dedecms.com,Female,119.138.83.182
689,Dasi,Haslam,dhaslamj4@oracle.com,Female,132.155.104.152
690,Carmelita,McNea,cmcneaj5@cam.ac.uk,Female,225.177.95.192
691,Noel,Salman,nsalmanj6@sogou.com,Female,39.149.27.120
692,Glen,Ridge,gridgej7@mediafire.com,Male,115.119.169.175
693,Walsh,Kort,wkortj8@t-online.de,Male,23.226.51.26
694,Blythe,Shemming,bshemmingj9@wisc.edu,Female,233.155.164.17
695,Mollie,Kyndred,mkyndredja@netlog.com,Female,68.113.209.98
696,Jaclyn,Ormerod,jormerodjb@google.com.br,Female,108.25.202.190
697,Gage,Edowes,gedowesjc@huffingtonpost.com,Male,56.170.228.198
698,Clary,Thunnercliffe,cthunnercliffejd@scribd.com,Female,37.198.4.38
699,Glendon,Biggadyke,gbiggadykeje@blogtalkradio.com,Male,21.35.15.108
700,Nonna,Hamer,nhamerjf@columbia.edu,Female,38.82.60.163
701,Odey,Walworche,owalworchejg@godaddy.com,Male,198.244.251.184
702,Faustine,Carwithan,fcarwithanjh@dell.com,Female,18.192.13.178
703,Joellen,Garmon,jgarmonji@ow.ly,Female,110.174.39.35
704,Mercy,Babbage,mbabbagejj@pen.io,Female,207.67.185.255
705,Rorie,Cardinale,rcardinalejk@blogger.com,Female,44.123.197.136
706,Staci,MacGille,smacgillejl@google.com,Female,37.128.120.152
707,Constanta,Feilden,cfeildenjm@linkedin.com,Female,155.216.55.10
708,Ilse,McCreedy,imccreedyjn@omniture.com,Female,100.202.204.223
709,Jo,Romand,jromandjo@prlog.org,Male,111.77.246.58
710,Culver,Davenhill,cdavenhilljp@elegantthemes.com,Male,96.90.88.142
711,Brandea,Blackborough,bblackboroughjq@ezinearticles.com,Female,160.40.231.217
712,Bettine,Cheel,bcheeljr@etsy.com,Female,172.245.107.57
713,Raeann,Prover,rproverjs@wunderground.com,Female,95.206.169.57
714,Georgette,Suttie,gsuttiejt@cocolog-nifty.com,Female,224.169.163.127
715,Edgardo,Gotter,egotterju@cdc.gov,Male,18.9.182.44
716,Inesita,Keaveney,ikeaveneyjv@slate.com,Female,154.204.17.31
717,Kylila,Pitceathly,kpitceathlyjw@smh.com.au,Female,208.132.74.170
718,Trudie,Allewell,tallewelljx@buzzfeed.com,Female,190.120.182.73
719,Latashia,Tonkes,ltonkesjy@bbc.co.uk,Female,6.228.1.209
720,Melamie,Wickwarth,mwickwarthjz@prnewswire.com,Female,95.106.98.255
721,Dudley,Pickup,dpickupk0@msn.com,Male,68.106.173.247
722,Marabel,Streeton,mstreetonk1@washington.edu,Female,140.9.212.114
723,Kylen,Tasseler,ktasselerk2@naver.com,Female,178.137.249.30
724,Florenza,Ebbetts,febbettsk3@wordpress.com,Female,40.50.186.34
725,Boone,Brummell,bbrummellk4@yellowbook.com,Male,15.158.8.215
726,Roger,Tumini,rtuminik5@vkontakte.ru,Male,119.186.171.206
727,Carmelle,Berzons,cberzonsk6@seesaa.net,Female,66.181.252.168
728,Charleen,Drescher,cdrescherk7@lulu.com,Female,64.253.212.211
729,Lilyan,Abrahm,labrahmk8@networkadvertising.org,Female,191.95.47.203
730,Reg,Fairlem,rfairlemk9@tamu.edu,Male,178.106.116.23
731,Dar,Smalridge,dsmalridgeka@washingtonpost.com,Male,211.211.233.98
732,Kirsteni,Yanyushkin,kyanyushkinkb@oaic.gov.au,Female,236.86.201.202
733,Oswald,Shippard,oshippardkc@topsy.com,Male,247.89.59.40
734,Wendi,Clemerson,wclemersonkd@washington.edu,Female,157.137.208.203
735,Cindy,Chrstine,cchrstineke@surveymonkey.com,Female,67.241.15.75
736,Kaitlin,Merrywether,kmerrywetherkf@ameblo.jp,Female,130.221.10.224
737,Waring,Cranmere,wcranmerekg@yahoo.co.jp,Male,209.14.23.176
738,Mace,Epinoy,mepinoykh@si.edu,Male,17.203.101.233
739,Analiese,Deboick,adeboickki@archive.org,Female,165.56.228.56
740,Yves,Tiffney,ytiffneykj@goo.ne.jp,Male,191.227.90.88
741,Legra,Carff,lcarffkk@blinklist.com,Female,183.187.197.189
742,Leyla,Bischoff,lbischoffkl@blinklist.com,Female,72.131.183.139
743,Graehme,Trow,gtrowkm@parallels.com,Male,31.221.190.49
744,Zebulon,Permain,zpermainkn@bing.com,Male,8.164.207.18
745,Jsandye,Domenichini,jdomenichiniko@bigcartel.com,Female,62.104.132.10
746,Crystal,Colten,ccoltenkp@shareasale.com,Female,152.187.125.201
747,Merlina,McGrill,mmcgrillkq@yandex.ru,Female,24.185.13.186
748,Prent,Cowern,pcowernkr@guardian.co.uk,Male,130.5.225.231
749,Willard,Clapshaw,wclapshawks@ucoz.ru,Male,127.20.98.185
750,Clerkclaude,Cawsby,ccawsbykt@newyorker.com,Male,197.44.228.16
751,Scarlet,Le Barr,slebarrku@economist.com,Female,130.68.122.249
752,Bride,Mabon,bmabonkv@jugem.jp,Female,171.197.226.136
753,Ermanno,McGurk,emcgurkkw@yahoo.com,Male,17.110.188.220
754,Trude,Ksandra,tksandrakx@marketwatch.com,Female,96.178.91.217
755,Trey,Westell,twestellky@twitter.com,Male,123.35.4.9
756,Arni,Hailston,ahailstonkz@yolasite.com,Male,190.212.53.168
757,Alyosha,Gobourn,agobournl0@zimbio.com,Male,61.65.231.37
758,Eileen,Bothen,ebothenl1@pcworld.com,Female,42.165.175.45
759,Rodolphe,Kennagh,rkennaghl2@lulu.com,Male,92.119.105.134
760,Ernestine,Widdicombe,ewiddicombel3@networksolutions.com,Female,212.143.34.236
761,Spencer,Penritt,spenrittl4@alexa.com,Male,126.14.109.255
762,Geoffry,Stephens,gstephensl5@umich.edu,Male,149.178.76.113
763,Rozina,Roloff,rroloffl6@army.mil,Female,132.111.112.160
764,Deb,Woolforde,dwoolfordel7@sciencedaily.com,Female,144.86.109.34
765,Jessalin,Slocom,jslocoml8@amazon.de,Female,44.98.66.69
766,Hakeem,Angier,hangierl9@rediff.com,Male,15.40.203.3
767,Ardelle,Bugbee,abugbeela@geocities.jp,Female,118.84.228.58
768,Lauree,Marmyon,lmarmyonlb@theatlantic.com,Female,152.132.37.183
769,George,Woolcocks,gwoolcockslc@wufoo.com,Male,173.42.143.255
770,Lyell,Letch,lletchld@hubpages.com,Male,37.189.234.139
771,Porter,Anlay,panlayle@vistaprint.com,Male,237.89.35.144
772,Sibel,Sprowell,ssprowelllf@businessweek.com,Female,173.93.4.205
773,Berkie,Fudge,bfudgelg@alibaba.com,Male,173.141.193.190
774,Rafaelia,Giannini,rgianninilh@tinyurl.com,Female,31.186.241.64
775,Krista,Votier,kvotierli@nbcnews.com,Female,175.84.55.47
776,Viki,Macari,vmacarilj@a8.net,Female,78.173.228.241
777,Genovera,Bogart,gbogartlk@kickstarter.com,Female,174.61.17.167
778,Niles,Wilce,nwilcell@gizmodo.com,Male,230.172.127.96
779,Amy,Pelosi,apelosilm@over-blog.com,Female,16.180.181.38
780,Thaxter,McGannon,tmcgannonln@nbcnews.com,Male,18.138.51.153
781,Domini,Rudyard,drudyardlo@icio.us,Female,129.232.226.113
782,Harland,Ralling,hrallinglp@pinterest.com,Male,163.232.85.244
783,Stanleigh,Flaxman,sflaxmanlq@freewebs.com,Male,87.5.160.95
784,Lenore,Hanbury,lhanburylr@narod.ru,Female,126.169.80.165
785,Jodie,Searle,jsearlels@ted.com,Male,12.253.244.91
786,Marco,O'Kennavain,mokennavainlt@quantcast.com,Male,87.45.14.254
787,Carolyn,Andrei,candreilu@loc.gov,Female,88.151.45.117
788,Dodi,Halladay,dhalladaylv@tinyurl.com,Female,143.26.227.5
789,Kenn,Caston,kcastonlw@google.co.jp,Male,29.18.53.180
790,Mattie,England,menglandlx@paginegialle.it,Female,201.109.14.218
791,Kelsey,Belone,kbelonely@hhs.gov,Female,92.153.69.59
792,Carlo,Bear,cbearlz@canalblog.com,Male,90.121.124.67
793,Tuck,Pine,tpinem0@usgs.gov,Male,0.68.159.23
794,Phelia,Groven,pgrovenm1@bloglines.com,Female,78.159.141.220
795,Miriam,Baude,mbaudem2@fema.gov,Female,110.221.62.228
796,Guenna,Larkings,glarkingsm3@linkedin.com,Female,115.221.137.248
797,Gonzalo,Atterbury,gatterburym4@google.com.hk,Male,215.90.214.201
798,Sonni,Ambrosoli,sambrosolim5@ehow.com,Female,137.63.209.224
799,Fonzie,Kindleysides,fkindleysidesm6@flickr.com,Male,108.107.79.101
800,Lewes,Artindale,lartindalem7@blogspot.com,Male,63.49.149.81
801,Lurette,Haskew,lhaskewm8@sina.com.cn,Female,247.105.160.137
802,Paddie,Luno,plunom9@tuttocitta.it,Male,39.139.151.113
803,Madonna,Barfford,mbarffordma@123-reg.co.uk,Female,252.252.147.207
804,Hedvig,Dillingham,hdillinghammb@1und1.de,Female,39.219.25.154
805,Tyler,Bedle,tbedlemc@gnu.org,Male,253.213.165.192
806,Rafaelia,Eaken,reakenmd@odnoklassniki.ru,Female,135.4.60.60
807,Mal,Earp,mearpme@smh.com.au,Male,145.60.204.113
808,Ana,Tissiman,atissimanmf@comcast.net,Female,244.181.145.17
809,Alyosha,Chillingsworth,achillingsworthmg@symantec.com,Male,35.101.212.68
810,Cyb,Bouchard,cbouchardmh@opera.com,Female,236.165.214.30
811,Urbano,Brokenshaw,ubrokenshawmi@japanpost.jp,Male,8.179.12.213
812,Mac,Ball,mballmj@posterous.com,Male,119.14.128.210
813,Deanne,Bartoshevich,dbartoshevichmk@disqus.com,Female,75.16.24.0
814,Lauritz,O'Spillane,lospillaneml@quantcast.com,Male,3.120.127.86
815,Danica,Gremane,dgremanemm@chron.com,Female,241.231.181.10
816,Murvyn,Enderson,mendersonmn@qq.com,Male,36.54.82.33
817,Kingsly,Kaley,kkaleymo@craigslist.org,Male,45.53.124.103
818,Gauthier,Moncreiffe,gmoncreiffemp@google.ca,Male,247.243.10.113
819,Reinhard,Ilive,rilivemq@hp.com,Male,50.93.11.230
820,Karlen,Geertje,kgeertjemr@imageshack.us,Female,98.27.55.160
821,Ashlin,Alexis,aalexisms@shinystat.com,Male,89.125.37.155
822,Suzanna,Rother,srothermt@sphinn.com,Female,164.244.30.159
823,Raoul,Hardwich,rhardwichmu@feedburner.com,Male,211.33.151.166
824,Rikki,Chesshyre,rchesshyremv@unblog.fr,Female,240.158.153.149
825,Celestina,Gueny,cguenymw@wix.com,Female,205.2.176.171
826,Towny,Gealle,tgeallemx@sun.com,Male,3.255.72.17
827,Arlyn,Hamm,ahammmy@t.co,Female,17.214.2.10
828,Agata,Happs,ahappsmz@imageshack.us,Female,20.69.161.175
829,Noach,Goneau,ngoneaun0@paginegialle.it,Male,131.242.249.113
830,Killie,Urian,kuriann1@linkedin.com,Male,148.55.187.150
831,Giralda,Broe,gbroen2@e-recht24.de,Female,9.254.249.178
832,Cindie,Pearcey,cpearceyn3@ca.gov,Female,50.209.82.128
833,Rubina,Ioan,rioann4@flickr.com,Female,1.127.251.4
834,Oren,Toby,otobyn5@vk.com,Male,143.213.51.187
835,Madalyn,Bartaloni,mbartalonin6@comcast.net,Female,97.146.137.110
836,Alfonso,Misk,amiskn7@taobao.com,Male,102.51.145.234
837,Jaye,Sugge,jsuggen8@arstechnica.com,Male,93.218.217.229
838,Ulrick,Barczynski,ubarczynskin9@shareasale.com,Male,71.6.241.230
839,Mayor,Greatrakes,mgreatrakesna@netvibes.com,Male,77.110.131.1
840,Margie,Stanners,mstannersnb@wufoo.com,Female,19.19.26.58
841,Lionel,Diehn,ldiehnnc@joomla.org,Male,47.11.234.232
842,Mavra,Lenton,mlentonnd@aboutads.info,Female,216.152.90.82
843,Merissa,Botwood,mbotwoodne@amazonaws.com,Female,218.35.236.190
844,Heidi,Eastes,heastesnf@zdnet.com,Female,143.22.235.71
845,Bobbee,Hubbold,bhubboldng@ycombinator.com,Female,196.249.72.174
846,Marieann,Morritt,mmorrittnh@tripadvisor.com,Female,195.21.65.45
847,Brittany,Cassella,bcassellani@ebay.co.uk,Female,229.108.233.136
848,Lurline,Jermin,ljerminnj@prweb.com,Female,17.78.250.29
849,Giraud,Arnoldi,garnoldink@naver.com,Male,130.99.83.244
850,Fabe,Nimmo,fnimmonl@china.com.cn,Male,9.9.9.66
851,Gavin,Siggery,gsiggerynm@mit.edu,Male,153.252.237.159
852,Frasquito,Silliman,fsillimannn@nsw.gov.au,Male,45.87.188.218
853,Maureene,Lamond,mlamondno@sfgate.com,Female,28.138.155.16
854,Bobbe,Truluck,btrulucknp@soup.io,Female,153.93.160.49
855,Fairleigh,Thornthwaite,fthornthwaitenq@shop-pro.jp,Male,158.127.73.117
856,Husein,Spohrmann,hspohrmannnr@skype.com,Male,61.20.168.39
857,Isacco,McNae,imcnaens@nbcnews.com,Male,241.77.207.123
858,Correna,Frome,cfroment@cnet.com,Female,159.184.194.222
859,Laurene,Chandler,lchandlernu@irs.gov,Female,28.27.102.146
860,Morgana,Remon,mremonnv@ebay.com,Female,199.196.39.187
861,Lucretia,Fitzsymons,lfitzsymonsnw@prnewswire.com,Female,107.244.11.172
862,Lana,Toope,ltoopenx@yale.edu,Female,29.7.97.114
863,Humphrey,Hazelgrove,hhazelgroveny@ycombinator.com,Male,242.193.169.77
864,Robbert,Pursehouse,rpursehousenz@answers.com,Male,213.230.202.40
865,Timoteo,Stoneham,tstonehamo0@psu.edu,Male,155.91.38.81
866,Ddene,Osant,dosanto1@ucoz.ru,Female,234.134.34.205
867,Devina,Spikeings,dspikeingso2@360.cn,Female,133.191.139.156
868,Fawnia,Savage,fsavageo3@opensource.org,Female,86.181.88.220
869,Vi,Alfwy,valfwyo4@stanford.edu,Female,161.65.89.162
870,Andie,Melwall,amelwallo5@howstuffworks.com,Female,237.81.203.54
871,Dylan,Lodeke,dlodekeo6@discuz.net,Male,21.125.0.160
872,Stan,Jiruch,sjirucho7@mayoclinic.com,Male,17.127.61.92
873,Dalt,Cupper,dcuppero8@networkadvertising.org,Male,130.32.86.118
874,Ev,Roo,erooo9@wp.com,Male,174.3.160.47
875,Edik,Filov,efilovoa@washingtonpost.com,Male,139.244.89.185
876,Daniele,O'Keefe,dokeefeob@wordpress.com,Female,136.125.16.72
877,Marsiella,Ferraro,mferrarooc@harvard.edu,Female,2.169.99.37
878,Bax,Ronca,broncaod@reference.com,Male,135.228.169.193
879,North,oldey,noldeyoe@google.com.au,Male,204.242.80.18
880,Colin,Filipov,cfilipovof@msn.com,Male,17.97.119.172
881,Thia,St. Ledger,tstledgerog@ameblo.jp,Female,82.104.33.98
882,Shay,Mortel,smorteloh@sun.com,Male,88.162.149.142
883,Anetta,Snufflebottom,asnufflebottomoi@angelfire.com,Female,22.119.20.101
884,Engelbert,Burlingame,eburlingameoj@nsw.gov.au,Male,127.164.49.29
885,Vittoria,Episcopi,vepiscopiok@china.com.cn,Female,169.131.170.147
886,Mariele,Frayn,mfraynol@networkadvertising.org,Female,237.195.118.116
887,Glory,Flawn,gflawnom@nymag.com,Female,56.81.183.195
888,Mathe,Kloska,mkloskaon@xrea.com,Male,50.244.0.221
889,Heddi,Bertie,hbertieoo@4shared.com,Female,42.63.236.112
890,Roddy,Teaze,rteazeop@parallels.com,Male,103.39.60.126
891,Nadya,Ostridge,nostridgeoq@buzzfeed.com,Female,200.228.188.234
892,Winifred,Blyth,wblythor@people.com.cn,Female,38.213.127.193
893,Garret,Fairfoul,gfairfoulos@nbcnews.com,Male,173.94.219.252
894,Dionysus,Faughny,dfaughnyot@jalbum.net,Male,41.190.205.42
895,Florie,Brumfitt,fbrumfittou@etsy.com,Female,197.230.246.243
896,Meyer,Ganny,mgannyov@cnet.com,Male,162.149.102.128
897,Worden,Kinrade,wkinradeow@usatoday.com,Male,74.65.125.1
898,Shir,Pattesall,spattesallox@devhub.com,Female,155.142.130.42
899,Antoinette,Petrovsky,apetrovskyoy@businessinsider.com,Female,184.131.38.188
900,Felicle,Wordsworth,fwordsworthoz@skype.com,Female,75.250.130.214
901,Jessalin,Tollit,jtollitp0@hostgator.com,Female,171.204.160.198
902,Nichol,Antonomoli,nantonomolip1@google.com.au,Female,218.64.36.150
903,Torry,Brownsey,tbrownseyp2@howstuffworks.com,Male,165.170.23.221
904,Xylina,Seaking,xseakingp3@ebay.com,Female,203.164.212.151
905,Alyson,Menicomb,amenicombp4@ca.gov,Female,124.169.129.16
906,Mikel,Stroulger,mstroulgerp5@issuu.com,Male,10.164.75.68
907,Imojean,McTavy,imctavyp6@wired.com,Female,53.163.187.104
908,Mahala,Trippack,mtrippackp7@sbwire.com,Female,248.206.246.186
909,Ellis,Acheson,eachesonp8@marketwatch.com,Male,237.108.245.149
910,Danie,Smeeth,dsmeethp9@microsoft.com,Male,65.251.229.9
911,Craggie,Dagless,cdaglesspa@reverbnation.com,Male,71.124.140.253
912,Hilario,MacBean,hmacbeanpb@ameblo.jp,Male,117.97.210.208
913,Levon,Bramwich,lbramwichpc@hugedomains.com,Male,59.104.102.15
914,Jaynell,Swinerd,jswinerdpd@com.com,Female,223.13.126.214
915,Tamiko,Giacopetti,tgiacopettipe@wikimedia.org,Female,150.151.101.202
916,Ed,Grisard,egrisardpf@sbwire.com,Male,142.63.100.159
917,Shellysheldon,Truder,struderpg@creativecommons.org,Male,239.183.248.99
918,Yule,Kares,ykaresph@nymag.com,Male,154.239.150.17
919,Alejoa,Morot,amorotpi@zimbio.com,Male,155.36.175.164
920,Heidi,Sate,hsatepj@posterous.com,Female,4.202.109.209
921,Bennie,Hrishchenko,bhrishchenkopk@storify.com,Male,110.102.205.184
922,Ginger,Compton,gcomptonpl@hc360.com,Female,209.118.175.40
923,Taffy,Blackborow,tblackborowpm@fda.gov,Female,202.120.26.198
924,Andrey,Stanlock,astanlockpn@xing.com,Male,197.138.221.86
925,Gasper,Wallbanks,gwallbankspo@geocities.com,Male,62.234.75.194
926,Gav,Costain,gcostainpp@buzzfeed.com,Male,160.204.78.18
927,Dyane,Hatry,dhatrypq@delicious.com,Female,97.133.117.167
928,Hansiain,Dorrington,hdorringtonpr@apple.com,Male,49.204.165.57
929,Bryanty,Hansel,bhanselps@sakura.ne.jp,Male,250.249.4.2
930,Shanon,Mattielli,smattiellipt@buzzfeed.com,Female,128.50.172.158
931,Friedrick,Couronne,fcouronnepu@spotify.com,Male,121.26.186.126
932,Elsbeth,Szymanski,eszymanskipv@newyorker.com,Female,69.85.102.169
933,Andris,Braunston,abraunstonpw@blinklist.com,Male,38.242.29.135
934,Damon,Germain,dgermainpx@unesco.org,Male,223.99.60.96
935,Mitzi,Burden,mburdenpy@illinois.edu,Female,81.216.237.3
936,Kristal,Adamczewski,kadamczewskipz@acquirethisname.com,Female,160.226.153.194
937,Brody,Daudray,bdaudrayq0@typepad.com,Male,209.144.94.153
938,Murry,Barensky,mbarenskyq1@noaa.gov,Male,122.204.164.190
939,Goraud,Tomeo,gtomeoq2@ucoz.ru,Male,70.112.26.168
940,Inger,Rottenbury,irottenburyq3@php.net,Male,137.69.177.86
941,Kally,Rassmann,krassmannq4@bloomberg.com,Female,230.142.246.124
942,Franni,Faulkner,ffaulknerq5@dailymail.co.uk,Female,106.117.141.218
943,Travis,Divis,tdivisq6@ow.ly,Male,131.127.249.81
944,Culver,Dugall,cdugallq7@indiegogo.com,Male,163.121.14.247
945,Dorey,Wyness,dwynessq8@forbes.com,Male,203.27.137.83
946,Aldous,Glyde,aglydeq9@xrea.com,Male,140.71.5.41
947,Simeon,Barehead,sbareheadqa@businessinsider.com,Male,45.103.88.3
948,Merry,Comport,mcomportqb@free.fr,Male,61.217.142.105
949,Clarisse,Jelleman,cjellemanqc@answers.com,Female,188.109.244.239
950,Roi,Broderick,rbroderickqd@ifeng.com,Male,195.6.53.96
951,Franky,Lorence,florenceqe@sciencedaily.com,Female,120.251.207.251
952,Peadar,Cahey,pcaheyqf@mozilla.com,Male,226.176.105.75
953,Quinn,Esposi,qesposiqg@about.me,Female,124.227.19.15
954,Amii,Slegg,asleggqh@mail.ru,Female,131.18.95.92
955,Annabal,May,amayqi@scientificamerican.com,Female,206.79.71.208
956,Nyssa,Le Grys,nlegrysqj@acquirethisname.com,Female,195.74.235.1
957,Minnnie,Cauldfield,mcauldfieldqk@dot.gov,Female,39.206.216.83
958,Veda,Prestland,vprestlandql@chicagotribune.com,Female,208.9.138.189
959,Carlina,Spriggin,csprigginqm@prlog.org,Female,238.197.38.243
960,Dallon,Lindelof,dlindelofqn@alibaba.com,Male,169.27.85.92
961,Perkin,Butterfint,pbutterfintqo@ow.ly,Male,54.37.143.227
962,Jeremias,McGinley,jmcginleyqp@myspace.com,Male,188.113.88.230
963,Aubrie,Sargint,asargintqq@google.com,Female,206.103.106.46
964,Liza,Goodredge,lgoodredgeqr@archive.org,Female,233.143.255.60
965,Royce,O'Flynn,roflynnqs@un.org,Male,228.186.43.167
966,Iorgo,Towll,itowllqt@usatoday.com,Male,177.3.202.222
967,Gayle,Kunes,gkunesqu@ibm.com,Female,39.85.221.19
968,Flora,Gammell,fgammellqv@usgs.gov,Female,196.154.25.28
969,Evanne,Spooner,espoonerqw@webeden.co.uk,Female,206.131.188.14
970,Sophia,Schott,sschottqx@dell.com,Female,119.106.24.19
971,Barbra,Huett,bhuettqy@g.co,Female,4.74.55.242
972,Nikolai,Di Pietro,ndipietroqz@wikispaces.com,Male,79.25.26.122
973,Valle,Jahnig,vjahnigr0@csmonitor.com,Male,109.207.113.198
974,Nicholle,Aloshikin,naloshikinr1@icio.us,Female,159.250.173.54
975,Goddart,Casley,gcasleyr2@un.org,Male,60.172.176.245
976,Darill,Clac,dclacr3@wikimedia.org,Male,138.198.198.229
977,Walther,Poulston,wpoulstonr4@vistaprint.com,Male,10.251.116.155
978,Sarene,Geering,sgeeringr5@freewebs.com,Female,2.34.7.110
979,Dorice,Donnelly,ddonnellyr6@sun.com,Female,116.255.58.249
980,Abbey,Friatt,afriattr7@wordpress.org,Female,173.113.64.144
981,Rudyard,Beiderbecke,rbeiderbecker8@wordpress.com,Male,171.217.98.208
982,Norina,Henden,nhendenr9@cloudflare.com,Female,228.112.43.202
983,Clarine,Le Grove,clegrovera@businessinsider.com,Female,100.7.9.164
984,Waverly,Cahalan,wcahalanrb@skype.com,Male,249.29.64.143
985,Calley,Kipling,ckiplingrc@spotify.com,Female,212.119.219.193
986,Bron,Fitzsymons,bfitzsymonsrd@si.edu,Male,155.162.135.150
987,Leonhard,Pirie,lpiriere@artisteer.com,Male,135.103.37.111
988,Tabitha,Crosse,tcrosserf@zdnet.com,Female,2.44.197.155
989,Winnie,Freddi,wfreddirg@goodreads.com,Female,143.95.39.116
990,Ossie,Jory,ojoryrh@over-blog.com,Male,64.41.244.103
991,Brietta,Tamplin,btamplinri@bigcartel.com,Female,198.210.168.83
992,Saraann,Harriagn,sharriagnrj@yahoo.com,Female,154.234.125.114
993,Elna,Greeson,egreesonrk@washington.edu,Female,194.205.130.52
994,Hersh,Gercken,hgerckenrl@indiegogo.com,Male,118.88.187.212
995,Tarrance,Penna,tpennarm@prnewswire.com,Male,130.192.56.172
996,Eunice,Buckham,ebuckhamrn@examiner.com,Female,59.3.255.178
997,Sherye,Ceeley,sceeleyro@sina.com.cn,Female,34.23.15.27
998,Cindelyn,Poynter,cpoynterrp@clickbank.net,Female,6.65.160.209
999,Oberon,Freeman,ofreemanrq@surveymonkey.com,Male,154.184.136.81
1000,Loree,Spurett,lspurettrr@ca.gov,Female,207.115.124.17
